[
  {
    "name": "Torneo di Basket",
    "description": "Lorem ipsum dolor sit amet",
    "details": "Lorem ipsum dolor sit amet, consectetur adipiscing elit. Sed do eiusmod tempor incididunt ut labore et dolore magna aliqua.",
    "type": "team",
    "image": "torneo_basket.jpg"
  },
  {
    "name": "Torneo di Calcio",
    "description": "Lorem ipsum dolor sit amet",
    "details": "Lorem ipsum dolor sit amet, consectetur adipiscing elit. Sed do eiusmod tempor incididunt ut labore et dolore magna aliqua.",
    "type": "team",
    "image": "torneo_calcio.jpg"
  },
  {
    "name": "Torneo di Pallavolo",
    "description": "Lorem ipsum dolor sit amet",
    "details": "Lorem ipsum dolor sit amet, consectetur adipiscing elit. Sed do eiusmod tempor incididunt ut labore et dolore magna aliqua.",
    "type": "team",
    "image": "torneo_pallavolo.jpg"
  },
  {
    "name": "Esperia Forum",
    "description": "Lorem ipsum dolor sit amet",
    "details": "Lorem ipsum dolor sit amet, consectetur adipiscing elit. Sed do eiusmod tempor incididunt ut labore et dolore magna aliqua.",
    "type": "individual",
    "image": "esperia_forum.jpg"
  },
  {
    "name": "Esperia Band",
    "description": "Lorem ipsum dolor sit amet",
    "details": "Lorem ipsum dolor sit amet, consectetur adipiscing elit. Sed do eiusmod tempor incididunt ut labore et dolore magna aliqua.",
    "type": "individual",
    "image": "esperia_band.jpg"
  },
  {
    "name": "Giochi da Tavolo",
    "description": "Lorem ipsum dolor sit amet",
    "details": "Lorem ipsum dolor sit amet, consectetur adipiscing elit. Sed do eiusmod tempor incididunt ut labore et dolore magna aliqua.",
    "type": "individual",
    "image": "giochi_da_tavolo.jpg"
  },
  {
    "name": "DJ Set",
    "description": "Lorem ipsum dolor sit amet",
    "details": "Lorem ipsum dolor sit amet, consectetur adipiscing elit. Sed do eiusmod tempor incididunt ut labore et dolore magna aliqua.",
    "type": "individual",
    "image": "dj_set.jpg"
  },
  {
    "name": "Esperia Talk",
    "description": "Lorem ipsum dolor sit amet",
    "details": "Lorem ipsum dolor sit amet, consectetur adipiscing elit. Sed do eiusmod tempor incididunt ut labore et dolore magna aliqua.",
    "type": "individual",
    "image": "esperiatalk.jpg"
  },
  {
    "name": "Giochi Retrò",
    "description": "Lorem ipsum dolor sit amet",
    "details": "Lorem ipsum dolor sit amet, consectetur adipiscing elit. Sed do eiusmod tempor incididunt ut labore et dolore magna aliqua.",
    "type": "individual",
    "image": "giochi_retro.jpg"
  },
  {
    "name": "Torneo di Panca Piana",
    "description": "Lorem ipsum dolor sit amet",
    "details": "Lorem ipsum dolor sit amet, consectetur adipiscing elit. Sed do eiusmod tempor incididunt ut labore et dolore magna aliqua.",
    "type": "individual",
    "image": "panca_piana.jpg"
  },
  {
    "name": "Torneo di Palla Prigioniera",
    "description": "Lorem ipsum dolor sit amet",
    "details": "Lorem ipsum dolor sit amet, consectetur adipiscing elit. Sed do eiusmod tempor incididunt ut labore et dolore magna aliqua.",
    "type": "team",
    "image": "palla_prigioniera.jpg"
  },
  {
    "name": "Cenni di Grafologia",
    "description": "Rilevare il carattere di una persona partendo dalla sua scrittura, il suo modo di rapportarsi con gli altri, i suoi punti di forza e quelli deboli.",
    "details": "Lorem ipsum dolor sit amet, consectetur adipiscing elit. Sed do eiusmod tempor incididunt ut labore et dolore magna aliqua.",
    "type": "individual",
    "image": "grafologia.jpg"
  },
  {
    "name": "Esposizione Moto",
    "description": "Lorem ipsum dolor sit amet",
    "details": "Lorem ipsum dolor sit amet, consectetur adipiscing elit. Sed do eiusmod tempor incididunt ut labore et dolore magna aliqua.",
    "type": "individual",
    "image": "esposizione_moto.jpg"
  },
  {
    "name": "Maker Faire",
    "description": "Lorem ipsum dolor sit amet",
    "details": "Lorem ipsum dolor sit amet, consectetur adipiscing elit. Sed do eiusmod tempor incididunt ut labore et dolore magna aliqua.",
    "type": "individual",
    "image": "maker_faire.jpg"
  },
  {
    "name": "Assente",
    "description": "",
    "details": "Lorem ipsum dolor sit amet, consectetur adipiscing elit. Sed do eiusmod tempor incididunt ut labore et dolore magna aliqua.",
    "type": "individual"
  },
  {
    "name": "In classe",
    "description": "",
    "details": "Lorem ipsum dolor sit amet, consectetur adipiscing elit. Sed do eiusmod tempor incididunt ut labore et dolore magna aliqua.",
    "type": "individual"
  },
  {
    "name": "Security",
    "description": "",
    "details": "Lorem ipsum dolor sit amet, consectetur adipiscing elit. Sed do eiusmod tempor incididunt ut labore et dolore magna aliqua.",
    "type": "individual"
  },
  {
    "name": "Soap Box Factory",
    "description": "Lorem ipsum dolor sit amet",
    "details": "Lorem ipsum dolor sit amet, consectetur adipiscing elit. Sed do eiusmod tempor incididunt ut labore et dolore magna aliqua.",
    "type": "individual"
  }
]
