[
  {
    "user": "branila.claudiustefan.studente@itispaleocapa.it",
    "activity": "Assente"
  },
  {
    "user": "taramelli.riccardo.studente@itispaleocapa.it",
    "activity": "Esperia Band"
  },
  {
    "user": "lungariello.carlo.studente@itispaleocapa.it",
    "activity": "Esperia Forum"
  },
  {
    "user": "lungariello.pietro.studente@itispaleocapa.it",
    "activity": "Esperia Forum"
  },
  {
    "user": "bellavite.luca.studente@itispaleocapa.it",
    "activity": "Torneo di Calcio"
  },
  {
    "user": "giuseppe.regazzoni@itispaleocapa.it",
    "activity": "Torneo di Calcio"
  },
  {
    "user": "dileo.andrea.studente@itispaleocapa.it",
    "activity": "Torneo di Basket"
  },
  {
    "user": "francesco.vescio@itispaleocapa.it",
    "activity": "Torneo di Basket"
  },
  {
    "user": "papetti.alice.studente@itispaleocapa.it",
    "activity": "Torneo di Pallavolo"
  },
  {
    "user": "valeria.derosario@itispaleocapa.it",
    "activity": "Torneo di Pallavolo"
  },
  {
    "user": "valle.nicola.studente@itispaleocapa.it",
    "activity": "DJ Set"
  },
  {
    "user": "mazzoni.federico.studente@itispaleocapa.it",
    "activity": "DJ Set"
  },
  {
    "user": "giuseppe.fumagalli@itispaleocapa.it",
    "activity": "DJ Set"
  },
  {
    "user": "piergiuseppe.cuminetti@itispaleocapa.it",
    "activity": "DJ Set"
  },
  {
    "user": "locatelli.alexgiannino.studente@itispaleocapa.it",
    "activity": "Esperia Talk"
  },
  {
    "user": "marco.crobu@itispaleocapa.it",
    "activity": "Esperia Talk"
  },
  {
    "user": "nani.marco.studente@itispaleocapa.it",
    "activity": "Giochi Retrò"
  },
  {
    "user": "lazzari.davide.studente@itispaleocapa.it",
    "activity": "Torneo di Palla Prigioniera"
  },
  {
    "user": "capitanio.thomas.studente@itispaleocapa.it",
    "activity": "Esposizione Moto"
  },
  {
    "user": "meles.andrea.studente@itispaleocapa.it",
    "activity": "Esposizione Moto"
  },
  {
    "user": "milesi.edoardo.studente@itispaleocapa.it",
    "activity": "Esposizione Moto"
  },
  {
    "user": "snihur.nikita.studente@itispaleocapa.it",
    "activity": "Torneo di Pallavolo"
  },
  {
    "user": "sinigaglia.alessandro.studente@itispaleocapa.it",
    "activity": "Esperia Band"
  },
  {
    "user": "michele.zanetti@itispaleocapa.it",
    "activity": "Esperia Band"
  },
  {
    "user": "calsana.samuel.studente@itispaleocapa.it",
    "activity": "Giochi Retrò"
  },
  {
    "user": "bosio.andrea.studente@itispaleocapa.it",
    "activity": "Giochi Retrò"
  },
  {
    "user": "samanni.mattia.studente@itispaleocapa.it",
    "activity": "Giochi Retrò"
  },
  {
    "user": "giancarlo.suria@itispaleocapa.it",
    "activity": "Giochi Retrò"
  },
  {
    "user": "ghezzi.valentina.studente@itispaleocapa.it",
    "activity": "Torneo di Panca Piana"
  },
  {
    "user": "marzullo.francesco.studente@itispaleocapa.it",
    "activity": "Torneo di Panca Piana"
  },
  {
    "user": "fabio.rubino@itispaleocapa.it",
    "activity": "Torneo di Panca Piana"
  },
  {
    "user": "valentina.persico@itispaleocapa.it",
    "activity": "Esperia Forum"
  },
  {
    "user": "dirisio.giustinocristian.studente@itispaleocapa.it",
    "activity": "Giochi da Tavolo"
  },
  {
    "user": "luca.salvati@itispaleocapa.it",
    "activity": "Giochi da Tavolo"
  },
  {
    "user": "sergio.bolognini@itispaleocapa.it",
    "activity": "Maker Faire"
  },
  {
    "user": "giuseppe.arici@itispaleocapa.it",
    "activity": "Cenni di Grafologia"
  },
  {
    "user": "moioli.giovanni.studente@itispaleocapa.it",
    "activity": "Soap Box Factory"
  },
  {
    "user": "carrara.gianluca.studente@itispaleocapa.it",
    "activity": "Soap Box Factory"
  },
  {
    "user": "davide.cataldo@itispaleocapa.it",
    "activity": "Soap Box Factory"
  }
]
